timestamp_ms,target_pos,actual_pos,error,velocity_cmd,hz
0,0.0,0.053,-0.053,720,500
2,0.002,-0.057,0.059,720,500
4,0.008,-0.048,0.056,720,500
6,0.018,-0.013,0.031,720,500
8,0.032,-0.019,0.051,720,500
10,0.05,0.042,0.008,720,500
12,0.072,0.166,-0.094,720,500
14,0.098,0.117,-0.019,720,500
16,0.128,0.163,-0.035,720,500
18,0.162,0.16,0.002,720,500
20,0.2,0.172,0.028,720,500
22,0.242,0.258,-0.016,720,500
24,0.288,0.344,-0.056,720,500
26,0.338,0.412,-0.074,720,500
28,0.392,0.391,0.001,720,500
30,0.45,0.37,0.08,720,500
32,0.512,0.503,0.009,720,500
34,0.578,0.487,0.091,720,500
36,0.648,0.584,0.064,720,500
38,0.722,0.755,-0.033,720,500
40,0.8,0.82,-0.02,720,500
42,0.882,0.873,0.009,720,500
44,0.968,0.962,0.006,720,500
46,1.058,1.087,-0.029,720,500
48,1.152,1.12,0.032,720,500
50,1.25,1.224,0.026,720,500
52,1.352,1.278,0.074,720,500
54,1.458,1.55,-0.092,720,500
56,1.568,1.635,-0.067,720,500
58,1.682,1.689,-0.007,720,500
60,1.8,1.769,0.031,720,500
62,1.922,1.909,0.013,720,500
64,2.048,2.153,-0.105,720,500
66,2.178,2.263,-0.085,720,500
68,2.312,2.333,-0.021,720,500
70,2.45,2.452,-0.002,720,500
72,2.592,2.533,0.059,720,500
74,2.738,2.843,-0.105,720,500
76,2.888,2.906,-0.018,720,500
78,3.042,3.137,-0.095,720,500
80,3.2,3.146,0.054,720,500
82,3.362,3.397,-0.035,720,500
84,3.528,3.414,0.114,720,500
86,3.698,3.655,0.043,720,500
88,3.872,3.85,0.022,720,500
90,4.05,4.093,-0.043,720,500
92,4.232,4.132,0.1,720,500
94,4.418,4.37,0.048,720,500
96,4.608,4.558,0.05,720,500
98,4.802,4.817,-0.015,720,500
100,5.0,5.05,-0.05,720,500
102,5.202,5.252,-0.05,720,500
104,5.408,5.365,0.043,720,500
106,5.618,5.667,-0.049,720,500
108,5.832,5.779,0.053,720,500
110,6.05,6.167,-0.117,720,500
112,6.272,6.314,-0.042,720,500
114,6.498,6.469,0.029,720,500
116,6.728,6.643,0.085,720,500
118,6.962,6.948,0.014,720,500
120,7.2,7.191,0.009,720,500
122,7.442,7.458,-0.016,720,500
124,7.688,7.645,0.043,720,500
126,7.938,7.925,0.013,720,500
128,8.192,8.13,0.062,720,500
130,8.45,8.453,-0.003,720,500
132,8.712,8.688,0.024,720,500
134,8.978,8.896,0.082,720,500
136,9.248,9.23,0.018,720,500
138,9.522,9.511,0.011,720,500
140,9.8,9.795,0.005,720,500
142,10.082,10.06,0.022,720,500
144,10.368,10.392,-0.024,720,500
146,10.658,10.608,0.05,720,500
148,10.952,10.887,0.065,720,500
150,11.25,11.288,-0.038,720,500
152,11.552,11.583,-0.031,720,500
154,11.858,11.841,0.017,720,500
156,12.168,12.16,0.008,720,500
158,12.482,12.486,-0.004,720,500
160,12.8,12.774,0.026,720,500
162,13.122,13.1,0.022,720,500
164,13.448,13.484,-0.036,720,500
166,13.778,13.756,0.022,720,500
168,14.112,14.027,0.085,720,500
170,14.45,14.475,-0.025,720,500
172,14.792,14.752,0.04,720,500
174,15.138,15.184,-0.046,720,500
176,15.488,15.425,0.063,720,500
178,15.842,15.843,-0.001,720,500
180,16.2,16.137,0.063,720,500
182,16.562,16.532,0.03,720,500
184,16.928,16.902,0.026,720,500
186,17.298,17.316,-0.018,720,500
188,17.672,17.696,-0.024,720,500
190,18.05,18.091,-0.041,720,500
192,18.432,18.307,0.125,720,500
194,18.818,18.764,0.054,720,500
196,19.208,19.205,0.003,720,500
198,19.602,19.664,-0.062,720,500
200,20.0,19.898,0.102,720,500
202,20.402,20.368,0.034,720,500
204,20.808,20.879,-0.071,720,500
206,21.218,21.206,0.012,720,500
208,21.632,21.598,0.034,720,500
210,22.05,22.053,-0.003,720,500
212,22.472,22.443,0.029,720,500
214,22.898,22.885,0.013,720,500
216,23.328,23.29,0.038,720,500
218,23.762,23.786,-0.024,720,500
220,24.2,24.159,0.041,720,500
222,24.642,24.615,0.027,720,500
224,25.088,24.991,0.097,720,500
226,25.538,25.529,0.009,720,500
228,25.992,26.046,-0.054,720,500
230,26.45,26.408,0.042,720,500
232,26.912,26.914,-0.002,720,500
234,27.378,27.346,0.032,720,500
236,27.848,27.727,0.121,720,500
238,28.322,28.21,0.112,720,500
240,28.8,28.694,0.106,720,500
242,29.282,29.318,-0.036,720,500
244,29.768,29.639,0.129,720,500
246,30.258,30.342,-0.084,720,500
248,30.752,30.668,0.084,720,500
250,31.25,31.22,0.03,720,500
252,31.752,31.772,-0.02,720,500
254,32.258,32.297,-0.039,720,500
256,32.768,32.786,-0.018,720,500
258,33.282,33.237,0.045,720,500
260,33.8,33.71,0.09,720,500
262,34.322,34.361,-0.039,720,500
264,34.848,34.798,0.05,720,500
266,35.378,35.389,-0.011,720,500
268,35.912,35.879,0.033,720,500
270,36.45,36.429,0.021,720,500
272,36.992,36.977,0.015,720,500
274,37.538,37.582,-0.044,720,500
276,38.088,38.217,-0.129,720,500
278,38.642,38.648,-0.006,720,500
280,39.2,39.275,-0.075,720,500
282,39.762,39.872,-0.11,720,500
284,40.328,40.298,0.03,720,500
286,40.898,40.913,-0.015,720,500
288,41.472,41.461,0.011,720,500
290,42.05,42.031,0.019,720,500
292,42.632,42.661,-0.029,720,500
294,43.218,43.261,-0.043,720,500
296,43.808,43.83,-0.022,720,500
298,44.402,44.391,0.011,720,500
300,45.0,44.898,0.102,720,500
302,45.602,45.652,-0.05,720,500
304,46.208,46.228,-0.02,720,500
306,46.818,46.758,0.06,720,500
308,47.432,47.426,0.006,720,500
310,48.05,47.988,0.062,720,500
312,48.672,48.64,0.032,720,500
314,49.298,49.409,-0.111,720,500
316,49.928,49.929,-0.001,720,500
318,50.562,50.679,-0.117,720,500
320,51.2,51.207,-0.007,720,500
322,51.842,51.797,0.045,720,500
324,52.488,52.481,0.007,720,500
326,53.138,53.12,0.018,720,500
328,53.792,53.779,0.013,720,500
330,54.45,54.521,-0.071,720,500
332,55.112,55.115,-0.003,720,500
334,55.778,55.739,0.039,720,500
336,56.448,56.457,-0.009,720,500
338,57.122,57.217,-0.095,720,500
340,57.8,57.73,0.07,720,500
342,58.482,58.419,0.063,720,500
344,59.168,59.118,0.05,720,500
346,59.858,59.796,0.062,720,500
348,60.552,60.481,0.071,720,500
350,61.25,61.295,-0.045,720,500
352,61.952,61.991,-0.039,720,500
354,62.658,62.703,-0.045,720,500
356,63.368,63.344,0.024,720,500
358,64.082,64.023,0.059,720,500
360,64.8,64.71,0.09,720,500
362,65.522,65.496,0.026,720,500
364,66.248,66.189,0.059,720,500
366,66.978,66.868,0.11,720,500
368,67.712,67.645,0.067,720,500
370,68.45,68.484,-0.034,720,500
372,69.192,69.102,0.09,720,500
374,69.938,69.958,-0.02,720,500
376,70.688,70.652,0.036,720,500
378,71.442,71.517,-0.075,720,500
380,72.2,72.154,0.046,720,500
382,72.962,72.98,-0.018,720,500
384,73.728,73.768,-0.04,720,500
386,74.498,74.515,-0.017,720,500
388,75.272,75.214,0.058,720,500
390,76.05,75.928,0.122,720,500
392,76.832,76.882,-0.05,720,500
394,77.618,77.58,0.038,720,500
396,78.408,78.376,0.032,720,500
398,79.202,79.297,-0.095,720,500
400,80.0,79.938,0.062,720,500
402,80.802,80.81,-0.008,720,500
404,81.608,81.527,0.081,720,500
406,82.418,82.388,0.03,720,500
408,83.232,83.262,-0.03,720,500
410,84.05,84.032,0.018,720,500
412,84.872,84.872,0.0,720,500
414,85.698,85.678,0.02,720,500
416,86.528,86.603,-0.075,720,500
418,87.362,87.44,-0.078,720,500
420,88.2,88.24,-0.04,720,500
422,89.042,89.069,-0.027,720,500
424,89.888,89.871,0.017,720,500
426,90.738,90.711,0.027,720,500
428,91.592,91.682,-0.09,720,500
430,92.45,92.416,0.034,720,500
432,93.312,93.189,0.123,720,500
434,94.178,94.154,0.024,720,500
436,95.048,95.033,0.015,720,500
438,95.922,95.915,0.007,720,500
440,96.8,96.807,-0.007,720,500
442,97.682,97.738,-0.056,720,500
444,98.568,98.539,0.029,720,500
446,99.458,99.4,0.058,720,500
448,100.352,100.313,0.039,720,500
450,101.25,101.327,-0.077,720,500
452,102.152,102.237,-0.085,720,500
454,103.058,103.046,0.012,720,500
456,103.968,104.059,-0.091,720,500
458,104.882,104.97,-0.088,720,500
460,105.8,105.824,-0.024,720,500
462,106.722,106.641,0.081,720,500
464,107.648,107.554,0.094,720,500
466,108.578,108.525,0.053,720,500
468,109.512,109.642,-0.13,720,500
470,110.45,110.434,0.016,720,500
472,111.392,111.422,-0.03,720,500
474,112.338,112.296,0.042,720,500
476,113.288,113.233,0.055,720,500
478,114.242,114.138,0.104,720,500
480,115.2,115.134,0.066,720,500
482,116.162,116.119,0.043,720,500
484,117.128,117.128,0.0,720,500
486,118.098,118.063,0.035,720,500
488,119.072,119.084,-0.012,720,500
490,120.05,120.024,0.026,720,500
492,121.032,121.02,0.012,720,500
494,122.018,121.97,0.048,720,500
496,123.008,122.991,0.017,720,500
498,124.002,124.028,-0.026,720,500
500,125.0,124.893,0.107,720,500
502,126.002,126.049,-0.047,720,500
504,127.008,127.011,-0.003,720,500
506,128.018,128.01,0.008,720,500
508,129.032,129.03,0.002,720,500
510,130.05,130.083,-0.033,720,500
512,131.072,131.016,0.056,720,500
514,132.098,132.105,-0.007,720,500
516,133.128,133.147,-0.019,720,500
518,134.162,134.245,-0.083,720,500
520,135.2,135.12,0.08,720,500
522,136.242,136.255,-0.013,720,500
524,137.288,137.295,-0.007,720,500
526,138.338,138.308,0.03,720,500
528,139.392,139.325,0.067,720,500
530,140.45,140.515,-0.065,720,500
532,141.512,141.485,0.027,720,500
534,142.578,142.702,-0.124,720,500
536,143.648,143.663,-0.015,720,500
538,144.722,144.754,-0.032,720,500
540,145.8,145.743,0.057,720,500
542,146.882,146.91,-0.028,720,500
544,147.968,147.94,0.028,720,500
546,149.058,149.055,0.003,720,500
548,150.152,150.149,0.003,720,500
550,151.25,151.245,0.005,720,500
552,152.352,152.378,-0.026,720,500
554,153.458,153.497,-0.039,720,500
556,154.568,154.497,0.071,720,500
558,155.682,155.652,0.03,720,500
560,156.8,156.828,-0.028,720,500
562,157.922,158.047,-0.125,720,500
564,159.048,158.951,0.097,720,500
566,160.178,160.192,-0.014,720,500
568,161.312,161.351,-0.039,720,500
570,162.45,162.522,-0.072,720,500
572,163.592,163.581,0.011,720,500
574,164.738,164.749,-0.011,720,500
576,165.888,165.95,-0.062,720,500
578,167.042,167.074,-0.032,720,500
580,168.2,168.2,0.0,720,500
582,169.362,169.343,0.019,720,500
584,170.528,170.654,-0.126,720,500
586,171.698,171.71,-0.012,720,500
588,172.872,172.905,-0.033,720,500
590,174.05,174.121,-0.071,720,500
592,175.232,175.232,0.0,720,500
594,176.418,176.447,-0.029,720,500
596,177.608,177.509,0.099,720,500
598,178.802,178.857,-0.055,720,500
600,180.0,179.881,0.119,720,500
602,181.202,181.172,0.03,720,500
604,182.408,182.42,-0.012,720,500
606,183.618,183.637,-0.019,720,500
608,184.832,184.872,-0.04,720,500
610,186.05,185.947,0.103,720,500
612,187.272,187.318,-0.046,720,500
614,188.498,188.504,-0.006,720,500
616,189.728,189.825,-0.097,720,500
618,190.962,190.924,0.038,720,500
620,192.2,192.236,-0.036,720,500
622,193.442,193.335,0.107,720,500
624,194.688,194.659,0.029,720,500
626,195.938,196.037,-0.099,720,500
628,197.192,197.247,-0.055,720,500
630,198.45,198.418,0.032,720,500
632,199.712,199.681,0.031,720,500
634,200.978,201.087,-0.109,720,500
636,202.248,202.197,0.051,720,500
638,203.522,203.549,-0.027,720,500
640,204.8,204.692,0.108,720,500
642,206.082,206.095,-0.013,720,500
644,207.368,207.357,0.011,720,500
646,208.658,208.641,0.017,720,500
648,209.952,209.913,0.039,720,500
650,211.25,211.388,-0.138,720,500
652,212.552,212.538,0.014,720,500
654,213.858,213.916,-0.058,720,500
656,215.168,215.272,-0.104,720,500
658,216.482,216.481,0.001,720,500
660,217.8,217.776,0.024,720,500
662,219.122,219.132,-0.01,720,500
664,220.448,220.49,-0.042,720,500
666,221.778,221.829,-0.051,720,500
668,223.112,223.112,-0.0,720,500
670,224.45,224.413,0.037,720,500
672,225.792,225.743,0.049,720,500
674,227.138,227.083,0.055,720,500
676,228.488,228.427,0.061,720,500
678,229.842,229.856,-0.014,720,500
680,231.2,231.183,0.017,720,500
682,232.562,232.635,-0.073,720,500
684,233.928,233.929,-0.001,720,500
686,235.298,235.283,0.015,720,500
688,236.672,236.74,-0.068,720,500
690,238.05,237.964,0.086,720,500
692,239.432,239.426,0.006,720,500
694,240.818,240.786,0.032,720,500
696,242.208,242.067,0.141,720,500
698,243.602,243.671,-0.069,720,500
700,245.0,245.081,-0.081,720,500
702,246.402,246.373,0.029,720,500
704,247.808,247.81,-0.002,720,500
706,249.218,249.16,0.058,720,500
708,250.632,250.606,0.026,720,500
710,252.05,252.017,0.033,720,500
712,253.472,253.502,-0.03,720,500
714,254.898,254.892,0.006,720,500
716,256.328,256.387,-0.059,720,500
718,257.762,257.706,0.056,720,500
720,259.2,259.204,-0.004,720,500
722,260.64,260.711,-0.071,720,500
724,262.08,262.081,-0.001,720,500
726,263.52,263.608,-0.088,720,500
728,264.96,264.98,-0.02,720,500
730,266.4,266.474,-0.074,720,500
732,267.84,267.775,0.065,720,500
734,269.28,269.355,-0.075,720,500
736,270.72,270.602,0.118,720,500
738,272.16,272.168,-0.008,720,500
740,273.6,273.48,0.12,720,500
742,275.04,275.026,0.014,720,500
744,276.48,276.456,0.024,720,500
746,277.92,277.923,-0.003,720,500
748,279.36,279.428,-0.068,720,500
750,280.8,280.867,-0.067,720,500
752,282.24,282.228,0.012,720,500
754,283.68,283.69,-0.01,720,500
756,285.12,285.128,-0.008,720,500
758,286.56,286.561,-0.001,720,500
760,288.0,287.984,0.016,720,500
762,289.44,289.359,0.081,720,500
764,290.88,290.876,0.004,720,500
766,292.32,292.282,0.038,720,500
768,293.76,293.65,0.11,720,500
770,295.2,295.258,-0.058,720,500
772,296.64,296.65,-0.01,720,500
774,298.08,298.12,-0.04,720,500
776,299.52,299.584,-0.064,720,500
778,300.96,300.963,-0.003,720,500
780,302.4,302.254,0.146,720,500
782,303.84,303.934,-0.094,720,500
784,305.28,305.26,0.02,720,500
786,306.72,306.834,-0.114,720,500
788,308.16,308.169,-0.009,720,500
790,309.6,309.616,-0.016,720,500
792,311.04,311.001,0.039,720,500
794,312.48,312.565,-0.085,720,500
796,313.92,313.862,0.058,720,500
798,315.36,315.389,-0.029,720,500
800,316.8,316.898,-0.098,720,500
802,318.24,318.192,0.048,720,500
804,319.68,319.743,-0.063,720,500
806,321.12,321.049,0.071,720,500
808,322.56,322.663,-0.103,720,500
810,324.0,323.968,0.032,720,500
812,325.44,325.387,0.053,720,500
814,326.88,326.906,-0.026,720,500
816,328.32,328.36,-0.04,720,500
818,329.76,329.717,0.043,720,500
820,331.2,331.316,-0.116,720,500
822,332.64,332.733,-0.093,720,500
824,334.08,334.072,0.008,720,500
826,335.52,335.582,-0.062,720,500
828,336.96,336.869,0.091,720,500
830,338.4,338.38,0.02,720,500
832,339.84,339.832,0.008,720,500
834,341.28,341.252,0.028,720,500
836,342.72,342.778,-0.058,720,500
838,344.16,344.255,-0.095,720,500
840,345.6,345.534,0.066,720,500
842,347.04,347.077,-0.037,720,500
844,348.48,348.382,0.098,720,500
846,349.92,349.902,0.018,720,500
848,351.36,351.356,0.004,720,500
850,352.8,352.847,-0.047,720,500
852,354.24,354.257,-0.017,720,500
854,355.68,355.727,-0.047,720,500
856,357.12,357.072,0.048,720,500
858,358.56,358.678,-0.118,720,500
860,360.0,359.993,0.007,720,500
862,361.44,361.398,0.042,720,500
864,362.88,362.888,-0.008,720,500
866,364.32,364.432,-0.112,720,500
868,365.76,365.807,-0.047,720,500
870,367.2,367.121,0.079,720,500
872,368.64,368.68,-0.04,720,500
874,370.08,370.089,-0.009,720,500
876,371.52,371.548,-0.028,720,500
878,372.96,372.957,0.003,720,500
880,374.4,374.408,-0.008,720,500
882,375.84,375.838,0.002,720,500
884,377.28,377.247,0.033,720,500
886,378.72,378.711,0.009,720,500
888,380.16,380.204,-0.044,720,500
890,381.6,381.564,0.036,720,500
892,383.04,383.092,-0.052,720,500
894,384.48,384.466,0.014,720,500
896,385.92,385.883,0.037,720,500
898,387.36,387.321,0.039,720,500
900,388.8,388.798,0.002,720,500
902,390.24,390.222,0.018,720,500
904,391.68,391.76,-0.08,720,500
906,393.12,393.039,0.081,720,500
908,394.56,394.614,-0.054,720,500
910,396.0,396.013,-0.013,720,500
912,397.44,397.363,0.077,720,500
914,398.88,398.895,-0.015,720,500
916,400.32,400.35,-0.03,720,500
918,401.76,401.864,-0.104,720,500
920,403.2,403.234,-0.034,720,500
922,404.64,404.594,0.046,720,500
924,406.08,406.057,0.023,720,500
926,407.52,407.532,-0.012,720,500
928,408.96,408.984,-0.024,720,500
930,410.4,410.468,-0.068,720,500
932,411.84,411.819,0.021,720,500
934,413.28,413.204,0.076,720,500
936,414.72,414.72,0.0,720,500
938,416.16,416.139,0.021,720,500
940,417.6,417.48,0.12,720,500
942,419.04,419.017,0.023,720,500
944,420.48,420.45,0.03,720,500
946,421.92,421.952,-0.032,720,500
948,423.36,423.293,0.067,720,500
950,424.8,424.912,-0.112,720,500
952,426.24,426.257,-0.017,720,500
954,427.68,427.66,0.02,720,500
956,429.12,429.033,0.087,720,500
958,430.56,430.486,0.074,720,500
960,432.0,431.926,0.074,720,500
962,433.44,433.402,0.038,720,500
964,434.88,434.822,0.058,720,500
966,436.32,436.276,0.044,720,500
968,437.76,437.762,-0.002,720,500
970,439.2,439.225,-0.025,720,500
972,440.64,440.639,0.001,720,500
974,442.08,442.102,-0.022,720,500
976,443.52,443.565,-0.045,720,500
978,444.96,444.878,0.082,720,500
980,446.4,446.369,0.031,720,500
982,447.84,447.823,0.017,720,500
984,449.28,449.186,0.094,720,500
986,450.72,450.752,-0.032,720,500
988,452.16,452.124,0.036,720,500
990,453.6,453.603,-0.003,720,500
992,455.04,455.102,-0.062,720,500
994,456.48,456.445,0.035,720,500
996,457.92,457.999,-0.079,720,500
998,459.36,459.355,0.005,720,500
1000,460.8,460.651,0.149,720,500
1002,462.238,462.282,-0.044,720,500
1004,463.672,463.734,-0.062,720,500
1006,465.102,465.065,0.037,720,500
1008,466.528,466.432,0.096,720,500
1010,467.95,467.932,0.018,720,500
1012,469.368,469.511,-0.143,720,500
1014,470.782,470.846,-0.064,720,500
1016,472.192,472.03,0.162,720,500
1018,473.598,473.476,0.122,720,500
1020,475.0,474.889,0.111,720,500
1022,476.398,476.273,0.125,720,500
1024,477.792,477.818,-0.026,720,500
1026,479.182,479.162,0.02,720,500
1028,480.568,480.497,0.071,720,500
1030,481.95,481.896,0.054,720,500
1032,483.328,483.266,0.062,720,500
1034,484.702,484.687,0.015,720,500
1036,486.072,486.105,-0.033,720,500
1038,487.438,487.505,-0.067,720,500
1040,488.8,488.7,0.1,720,500
1042,490.158,490.107,0.051,720,500
1044,491.512,491.535,-0.023,720,500
1046,492.862,492.82,0.042,720,500
1048,494.208,494.193,0.015,720,500
1050,495.55,495.567,-0.017,720,500
1052,496.888,496.825,0.063,720,500
1054,498.222,498.122,0.1,720,500
1056,499.552,499.434,0.118,720,500
1058,500.878,500.866,0.012,720,500
1060,502.2,502.116,0.084,720,500
1062,503.518,503.477,0.041,720,500
1064,504.832,504.736,0.096,720,500
1066,506.142,506.153,-0.011,720,500
1068,507.448,507.359,0.089,720,500
1070,508.75,508.563,0.187,720,500
1072,510.048,509.98,0.068,720,500
1074,511.342,511.414,-0.072,720,500
1076,512.632,512.604,0.028,720,500
1078,513.918,513.922,-0.004,720,500
1080,515.2,515.173,0.027,720,500
1082,516.478,516.434,0.044,720,500
1084,517.752,517.683,0.069,720,500
1086,519.022,518.833,0.189,720,500
1088,520.288,520.17,0.118,720,500
1090,521.55,521.478,0.072,720,500
1092,522.808,522.708,0.1,720,500
1094,524.062,523.97,0.092,720,500
1096,525.312,525.201,0.111,720,500
1098,526.558,526.487,0.071,720,500
1100,527.8,527.748,0.052,720,500
1102,529.038,528.953,0.085,720,500
1104,530.272,530.134,0.138,720,500
1106,531.502,531.482,0.02,720,500
1108,532.728,532.641,0.087,720,500
1110,533.95,533.836,0.114,720,500
1112,535.168,535.034,0.134,720,500
1114,536.382,536.244,0.138,720,500
1116,537.592,537.6,-0.008,720,500
1118,538.798,538.667,0.131,720,500
1120,540.0,539.879,0.121,720,500
1122,541.198,541.179,0.019,720,500
1124,542.392,542.291,0.101,720,500
1126,543.582,543.394,0.188,720,500
1128,544.768,544.619,0.149,720,500
1130,545.95,545.726,0.224,720,500
1132,547.128,546.983,0.145,720,500
1134,548.302,548.152,0.15,720,500
1136,549.472,549.252,0.22,720,500
1138,550.638,550.534,0.104,720,500
1140,551.8,551.744,0.056,720,500
1142,552.958,552.71,0.248,720,500
1144,554.112,553.972,0.14,720,500
1146,555.262,555.078,0.184,720,500
1148,556.408,556.331,0.077,720,500
1150,557.55,557.405,0.145,720,500
1152,558.688,558.501,0.187,720,500
1154,559.822,559.785,0.037,720,500
1156,560.952,560.865,0.087,720,500
1158,562.078,561.867,0.211,720,500
1160,563.2,562.988,0.212,720,500
1162,564.318,564.12,0.198,720,500
1164,565.432,565.329,0.103,720,500
1166,566.542,566.369,0.173,720,500
1168,567.648,567.523,0.125,720,500
1170,568.75,568.55,0.2,720,500
1172,569.848,569.741,0.107,720,500
1174,570.942,570.735,0.207,720,500
1176,572.032,571.818,0.214,720,500
1178,573.118,572.962,0.156,720,500
1180,574.2,574.118,0.082,720,500
1182,575.278,575.05,0.228,720,500
1184,576.352,576.103,0.249,720,500
1186,577.422,577.301,0.121,720,500
1188,578.488,578.283,0.205,720,500
1190,579.55,579.216,0.334,720,500
1192,580.608,580.391,0.217,720,500
1194,581.662,581.443,0.219,720,500
1196,582.712,582.505,0.207,720,500
1198,583.758,583.608,0.15,720,500
1200,584.8,584.588,0.212,720,500
1202,585.838,585.641,0.197,720,500
1204,586.872,586.656,0.216,720,500
1206,587.902,587.639,0.263,720,500
1208,588.928,588.799,0.129,720,500
1210,589.95,589.761,0.189,720,500
1212,590.968,590.72,0.248,720,500
1214,591.982,591.778,0.204,720,500
1216,592.992,592.777,0.215,720,500
1218,593.998,593.714,0.284,720,500
1220,595.0,594.748,0.252,720,500
1222,595.998,595.769,0.229,720,500
1224,596.992,596.827,0.165,720,500
1226,597.982,597.811,0.171,720,500
1228,598.968,598.801,0.167,720,500
1230,599.95,599.716,0.234,720,500
1232,600.928,600.59,0.338,720,500
1234,601.902,601.704,0.198,720,500
1236,602.872,602.695,0.177,720,500
1238,603.838,603.593,0.245,720,500
1240,604.8,604.572,0.228,720,500
1242,605.758,605.512,0.246,720,500
1244,606.712,606.519,0.193,720,500
1246,607.662,607.477,0.185,720,500
1248,608.608,608.42,0.188,720,500
1250,609.55,609.286,0.264,720,500
1252,610.488,610.129,0.359,720,500
1254,611.422,611.137,0.285,720,500
1256,612.352,612.148,0.204,720,500
1258,613.278,612.919,0.359,720,500
1260,614.2,613.88,0.32,720,500
1262,615.118,614.808,0.31,720,500
1264,616.032,615.829,0.203,720,500
1266,616.942,616.683,0.259,720,500
1268,617.848,617.659,0.189,720,500
1270,618.75,618.421,0.329,720,500
1272,619.648,619.356,0.292,720,500
1274,620.542,620.354,0.188,720,500
1276,621.432,621.167,0.265,720,500
1278,622.318,622.077,0.241,720,500
1280,623.2,622.942,0.258,720,500
1282,624.078,623.658,0.42,720,500
1284,624.952,624.68,0.272,720,500
1286,625.822,625.488,0.334,720,500
1288,626.688,626.424,0.264,720,500
1290,627.55,627.33,0.22,720,500
1292,628.408,628.102,0.306,720,500
1294,629.262,628.935,0.327,720,500
1296,630.112,629.815,0.297,720,500
1298,630.958,630.672,0.286,720,500
1300,631.8,631.524,0.276,720,500
1302,632.638,632.486,0.152,720,500
1304,633.472,633.209,0.263,720,500
1306,634.302,633.991,0.311,720,500
1308,635.128,634.845,0.283,720,500
1310,635.95,635.594,0.356,720,500
1312,636.768,636.516,0.252,720,500
1314,637.582,637.297,0.285,720,500
1316,638.392,638.103,0.289,720,500
1318,639.198,638.928,0.27,720,500
1320,640.0,639.672,0.328,720,500
1322,640.798,640.56,0.238,720,500
1324,641.592,641.244,0.348,720,500
1326,642.382,642.079,0.303,720,500
1328,643.168,642.911,0.257,720,500
1330,643.95,643.617,0.333,720,500
1332,644.728,644.347,0.381,720,500
1334,645.502,645.149,0.353,720,500
1336,646.272,645.909,0.363,720,500
1338,647.038,646.8,0.238,720,500
1340,647.8,647.611,0.189,720,500
1342,648.558,648.104,0.454,720,500
1344,649.312,648.984,0.328,720,500
1346,650.062,649.682,0.38,720,500
1348,650.808,650.409,0.399,720,500
1350,651.55,651.284,0.266,720,500
1352,652.288,651.855,0.433,720,500
1354,653.022,652.761,0.261,720,500
1356,653.752,653.468,0.284,720,500
1358,654.478,654.084,0.394,720,500
1360,655.2,654.72,0.48,720,500
1362,655.918,655.613,0.305,720,500
1364,656.632,656.253,0.379,720,500
1366,657.342,656.984,0.358,720,500
1368,658.048,657.656,0.392,720,500
1370,658.75,658.506,0.244,720,500
1372,659.448,659.11,0.338,720,500
1374,660.142,659.669,0.473,720,500
1376,660.832,660.528,0.304,720,500
1378,661.518,661.175,0.343,720,500
1380,662.2,661.85,0.35,720,500
1382,662.878,662.371,0.507,720,500
1384,663.552,663.252,0.3,720,500
1386,664.222,663.886,0.336,720,500
1388,664.888,664.497,0.391,720,500
1390,665.55,665.258,0.292,720,500
1392,666.208,665.874,0.334,720,500
1394,666.862,666.5,0.362,720,500
1396,667.512,667.157,0.355,720,500
1398,668.158,667.675,0.483,720,500
1400,668.8,668.327,0.473,720,500
1402,669.438,669.205,0.233,720,500
1404,670.072,669.69,0.382,720,500
1406,670.702,670.293,0.409,720,500
1408,671.328,670.935,0.393,720,500
1410,671.95,671.484,0.466,720,500
1412,672.568,672.158,0.41,720,500
1414,673.182,672.793,0.389,720,500
1416,673.792,673.269,0.523,720,500
1418,674.398,674.04,0.358,720,500
1420,675.0,674.584,0.416,720,500
1422,675.598,675.059,0.539,720,500
1424,676.192,675.847,0.345,720,500
1426,676.782,676.363,0.419,720,500
1428,677.368,676.914,0.454,720,500
1430,677.95,677.565,0.385,720,500
1432,678.528,678.158,0.37,720,500
1434,679.102,678.675,0.427,720,500
1436,679.672,679.26,0.412,720,500
1438,680.238,679.8,0.438,720,500
1440,680.8,680.352,0.448,720,500
1442,681.358,680.945,0.413,720,500
1444,681.912,681.527,0.385,720,500
1446,682.462,682.012,0.45,720,500
1448,683.008,682.461,0.547,720,500
1450,683.55,683.143,0.407,720,500
1452,684.088,683.735,0.353,720,500
1454,684.622,684.169,0.453,720,500
1456,685.152,684.74,0.412,720,500
1458,685.678,685.173,0.505,720,500
1460,686.2,685.753,0.447,720,500
1462,686.718,686.237,0.481,720,500
1464,687.232,686.712,0.52,720,500
1466,687.742,687.246,0.496,720,500
1468,688.248,687.834,0.414,720,500
1470,688.75,688.309,0.441,720,500
1472,689.248,688.747,0.501,720,500
1474,689.742,689.2,0.542,720,500
1476,690.232,689.722,0.51,720,500
1478,690.718,690.268,0.45,720,500
1480,691.2,690.67,0.53,720,500
1482,691.678,691.183,0.495,720,500
1484,692.152,691.776,0.376,720,500
1486,692.622,692.16,0.462,720,500
1488,693.088,692.653,0.435,720,500
1490,693.55,693.052,0.498,720,500
1492,694.008,693.517,0.491,720,500
1494,694.462,693.943,0.519,720,500
1496,694.912,694.487,0.425,720,500
1498,695.358,694.868,0.49,720,500
1500,695.8,695.298,0.502,720,500
1502,696.238,695.687,0.551,720,500
1504,696.672,696.146,0.526,720,500
1506,697.102,696.601,0.501,720,500
1508,697.528,697.037,0.491,720,500
1510,697.95,697.341,0.609,720,500
1512,698.368,697.821,0.547,720,500
1514,698.782,698.293,0.489,720,500
1516,699.192,698.687,0.505,720,500
1518,699.598,699.043,0.555,720,500
1520,700.0,699.52,0.48,720,500
1522,700.398,699.828,0.57,720,500
1524,700.792,700.244,0.548,720,500
1526,701.182,700.671,0.511,720,500
1528,701.568,700.998,0.57,720,500
1530,701.95,701.464,0.486,720,500
1532,702.328,701.792,0.536,720,500
1534,702.702,702.072,0.63,720,500
1536,703.072,702.554,0.518,720,500
1538,703.438,702.934,0.504,720,500
1540,703.8,703.33,0.47,720,500
1542,704.158,703.523,0.635,720,500
1544,704.512,704.014,0.498,720,500
1546,704.862,704.361,0.501,720,500
1548,705.208,704.729,0.479,720,500
1550,705.55,704.983,0.567,720,500
1552,705.888,705.426,0.462,720,500
1554,706.222,705.566,0.656,720,500
1556,706.552,706.008,0.544,720,500
1558,706.878,706.314,0.564,720,500
1560,707.2,706.614,0.586,720,500
1562,707.518,707.004,0.514,720,500
1564,707.832,707.268,0.564,720,500
1566,708.142,707.556,0.586,720,500
1568,708.448,707.889,0.559,720,500
1570,708.75,708.305,0.445,720,500
1572,709.048,708.543,0.505,720,500
1574,709.342,708.725,0.617,720,500
1576,709.632,709.032,0.6,720,500
1578,709.918,709.381,0.537,720,500
1580,710.2,709.664,0.536,720,500
1582,710.478,709.851,0.627,720,500
1584,710.752,710.152,0.6,720,500
1586,711.022,710.417,0.605,720,500
1588,711.288,710.646,0.642,720,500
1590,711.55,710.965,0.585,720,500
1592,711.808,711.229,0.579,720,500
1594,712.062,711.431,0.631,720,500
1596,712.312,711.768,0.544,720,500
1598,712.558,711.877,0.681,720,500
1600,712.8,712.144,0.656,720,500
1602,713.038,712.51,0.528,720,500
1604,713.272,712.656,0.616,720,500
1606,713.502,712.858,0.644,720,500
1608,713.728,713.195,0.533,720,500
1610,713.95,713.338,0.612,720,500
1612,714.168,713.557,0.611,720,500
1614,714.382,713.918,0.464,720,500
1616,714.592,713.935,0.657,720,500
1618,714.798,714.16,0.638,720,500
1620,715.0,714.39,0.61,720,500
1622,715.198,714.563,0.635,720,500
1624,715.392,714.65,0.742,720,500
1626,715.582,714.937,0.645,720,500
1628,715.768,715.226,0.542,720,500
1630,715.95,715.415,0.535,720,500
1632,716.128,715.444,0.684,720,500
1634,716.302,715.627,0.675,720,500
1636,716.472,715.841,0.631,720,500
1638,716.638,715.904,0.734,720,500
1640,716.8,716.15,0.65,720,500
1642,716.958,716.332,0.626,720,500
1644,717.112,716.496,0.616,720,500
1646,717.262,716.618,0.644,720,500
1648,717.408,716.717,0.691,720,500
1650,717.55,716.963,0.587,720,500
1652,717.688,716.964,0.724,720,500
1654,717.822,717.246,0.576,720,500
1656,717.952,717.263,0.689,720,500
1658,718.078,717.246,0.832,720,500
1660,718.2,717.634,0.566,720,500
1662,718.318,717.653,0.665,720,500
1664,718.432,717.854,0.578,720,500
1666,718.542,717.892,0.65,720,500
1668,718.648,718.055,0.593,720,500
1670,718.75,718.082,0.668,720,500
1672,718.848,718.205,0.643,720,500
1674,718.942,718.34,0.602,720,500
1676,719.032,718.386,0.646,720,500
1678,719.118,718.326,0.792,720,500
1680,719.2,718.584,0.616,720,500
1682,719.278,718.451,0.827,720,500
1684,719.352,718.681,0.671,720,500
1686,719.422,718.764,0.658,720,500
1688,719.488,718.789,0.699,720,500
1690,719.55,718.844,0.706,720,500
1692,719.608,718.763,0.845,720,500
1694,719.662,718.858,0.804,720,500
1696,719.712,719.02,0.692,720,500
1698,719.758,719.074,0.684,720,500
1700,719.8,719.119,0.681,720,500
1702,719.838,719.106,0.732,720,500
1704,719.872,719.14,0.732,720,500
1706,719.902,719.179,0.723,720,500
1708,719.928,719.188,0.74,720,500
1710,719.95,719.312,0.638,720,500
1712,719.968,719.2,0.768,720,500
1714,719.982,719.341,0.641,720,500
1716,719.992,719.333,0.659,720,500
1718,719.998,719.371,0.627,720,500
1720,720.0,719.369,0.631,720,500
1722,720.0,719.327,0.673,720,500
1724,720.0,719.274,0.726,720,500
1726,720.0,719.315,0.685,720,500
1728,720.0,719.307,0.693,720,500
1730,720.0,719.288,0.712,720,500
1732,720.0,719.284,0.716,720,500
1734,720.0,719.24,0.76,720,500
1736,720.0,719.365,0.635,720,500
1738,720.0,719.227,0.773,720,500
1740,720.0,719.373,0.627,720,500
1742,720.0,719.258,0.742,720,500
1744,720.0,719.322,0.678,720,500
1746,720.0,719.418,0.582,720,500
1748,720.0,719.311,0.689,720,500
1750,720.0,719.299,0.701,720,500
1752,720.0,719.338,0.662,720,500
1754,720.0,719.274,0.726,720,500
1756,720.0,719.327,0.673,720,500
1758,720.0,719.257,0.743,720,500
1760,720.0,719.326,0.674,720,500
1762,720.0,719.24,0.76,720,500
1764,720.0,719.28,0.72,720,500
1766,720.0,719.408,0.592,720,500
1768,720.0,719.312,0.688,720,500
1770,720.0,719.368,0.632,720,500
1772,720.0,719.29,0.71,720,500
1774,720.0,719.322,0.678,720,500
1776,720.0,719.33,0.67,720,500
1778,720.0,719.315,0.685,720,500
1780,720.0,719.293,0.707,720,500
1782,720.0,719.35,0.65,720,500
1784,720.0,719.343,0.657,720,500
1786,720.0,719.343,0.657,720,500
1788,720.0,719.348,0.652,720,500
1790,720.0,719.371,0.629,720,500
1792,720.0,719.334,0.666,720,500
1794,720.0,719.316,0.684,720,500
1796,720.0,719.301,0.699,720,500
1798,720.0,719.302,0.698,720,500
1800,720.0,719.339,0.661,720,500
1802,720.0,719.254,0.746,720,500
1804,720.0,719.335,0.665,720,500
1806,720.0,719.3,0.7,720,500
1808,720.0,719.28,0.72,720,500
1810,720.0,719.307,0.693,720,500
1812,720.0,719.271,0.729,720,500
1814,720.0,719.338,0.662,720,500
1816,720.0,719.169,0.831,720,500
1818,720.0,719.357,0.643,720,500
1820,720.0,719.268,0.732,720,500
1822,720.0,719.327,0.673,720,500
1824,720.0,719.253,0.747,720,500
1826,720.0,719.426,0.574,720,500
1828,720.0,719.293,0.707,720,500
1830,720.0,719.34,0.66,720,500
1832,720.0,719.333,0.667,720,500
1834,720.0,719.214,0.786,720,500
1836,720.0,719.411,0.589,720,500
1838,720.0,719.286,0.714,720,500
1839,720.0,719.309,0.691,720,500
1842,720.0,719.4,0.6,720,500
1843,720.0,719.29,0.71,720,500
1846,720.0,719.297,0.703,720,500
1847,720.0,719.352,0.648,720,500
1850,720.0,719.312,0.688,720,500
1851,720.0,719.347,0.653,720,500
1854,720.0,719.336,0.664,720,500
1855,720.0,719.347,0.653,720,500
1858,720.0,719.286,0.714,720,500
1859,720.0,719.295,0.705,720,500
1862,720.0,719.346,0.654,720,500
1863,720.0,719.358,0.642,720,500
1865,720.0,719.363,0.637,720,500
1867,720.0,719.415,0.585,720,500
1869,720.0,719.263,0.737,720,500
1872,720.0,719.36,0.64,720,500
1874,720.0,719.371,0.629,720,500
1876,720.0,719.268,0.732,720,500
1878,720.0,719.357,0.643,720,500
1880,720.0,719.31,0.69,720,500
1882,720.0,719.305,0.695,720,500
1884,720.0,719.289,0.711,720,500
1886,720.0,719.318,0.682,720,500
1888,720.0,719.322,0.678,720,500
1890,720.0,719.345,0.655,720,500
1892,720.0,719.33,0.67,720,500
1894,720.0,719.296,0.704,720,500
1896,720.0,719.323,0.677,720,500
1898,720.0,719.354,0.646,720,500
1900,720.0,719.247,0.753,720,500
1902,720.0,719.288,0.712,720,500
1904,720.0,719.33,0.67,720,500
1906,720.0,719.331,0.669,720,500
1908,720.0,719.369,0.631,720,500
1910,720.0,719.258,0.742,720,500
1912,720.0,719.254,0.746,720,500
1914,720.0,719.304,0.696,720,500
1916,720.0,719.292,0.708,720,500
1918,720.0,719.369,0.631,720,500
1920,720.0,719.254,0.746,720,500
1922,720.0,719.27,0.73,720,500
1924,720.0,719.281,0.719,720,500
1926,720.0,719.327,0.673,720,500
1928,720.0,719.274,0.726,720,500
1930,720.0,719.315,0.685,720,500
1932,720.0,719.302,0.698,720,500
1934,720.0,719.316,0.684,720,500
1936,720.0,719.32,0.68,720,500
1938,720.0,719.331,0.669,720,500
1940,720.0,719.388,0.612,720,500
1942,720.0,719.317,0.683,720,500
1944,720.0,719.318,0.682,720,500
1946,720.0,719.381,0.619,720,500
1948,720.0,719.301,0.699,720,500
1950,720.0,719.353,0.647,720,500
1952,720.0,719.284,0.716,720,500
1954,720.0,719.214,0.786,720,500
1956,720.0,719.358,0.642,720,500
1958,720.0,719.259,0.741,720,500
1960,720.0,719.317,0.683,720,500
1962,720.0,719.327,0.673,720,500
1964,720.0,719.291,0.709,720,500
1966,720.0,719.352,0.648,720,500
1968,720.0,719.337,0.663,720,500
1970,720.0,719.324,0.676,720,500
1972,720.0,719.405,0.595,720,500
1974,720.0,719.33,0.67,720,500
1976,720.0,719.314,0.686,720,500
1978,720.0,719.254,0.746,720,500
1980,720.0,719.315,0.685,720,500
1982,720.0,719.268,0.732,720,500
1984,720.0,719.278,0.722,720,500
1986,720.0,719.379,0.621,720,500
1988,720.0,719.313,0.687,720,500
1990,720.0,719.271,0.729,720,500
1992,720.0,719.371,0.629,720,500
1994,720.0,719.357,0.643,720,500
1996,720.0,719.348,0.652,720,500
1998,720.0,719.301,0.699,720,500
2000,720.0,719.24,0.76,720,500
2001,720.0,719.383,0.617,720,500
2004,720.0,719.295,0.705,720,500
2006,720.0,719.371,0.629,720,500
2008,720.0,719.353,0.647,720,500
2009,720.0,719.313,0.687,720,500
2012,720.0,719.31,0.69,720,500
2013,720.0,719.212,0.788,720,500
2016,720.0,719.345,0.655,720,500
2017,720.0,719.393,0.607,720,500
2020,720.0,719.197,0.803,720,500
2021,720.0,719.258,0.742,720,500
2024,720.0,719.328,0.672,720,500
2025,720.0,719.377,0.623,720,500
2028,720.0,719.262,0.738,720,500
2029,720.0,719.322,0.678,720,500
2032,720.0,719.313,0.687,720,500
2033,720.0,719.245,0.755,720,500
2036,720.0,719.242,0.758,720,500
2037,720.0,719.384,0.616,720,500
2040,720.0,719.37,0.63,720,500
2041,720.0,719.282,0.718,720,500
2044,720.0,719.308,0.692,720,500
2045,720.0,719.315,0.685,720,500
2048,720.0,719.373,0.627,720,500
2050,720.0,719.355,0.645,720,500
2052,720.0,719.259,0.741,720,500
2054,720.0,719.306,0.694,720,500
2056,720.0,719.288,0.712,720,500
2058,720.0,719.297,0.703,720,500
2060,720.0,719.257,0.743,720,500
2062,720.0,719.316,0.684,720,500
2064,720.0,719.283,0.717,720,500
2066,720.0,719.449,0.551,720,500
2068,720.0,719.395,0.605,720,500
2070,720.0,719.354,0.646,720,500
2072,720.0,719.312,0.688,720,500
2074,720.0,719.326,0.674,720,500
2076,720.0,719.289,0.711,720,500
2078,720.0,719.337,0.663,720,500
2080,720.0,719.216,0.784,720,500
2082,720.0,719.274,0.726,720,500
2084,720.0,719.333,0.667,720,500
2086,720.0,719.34,0.66,720,500
2088,720.0,719.37,0.63,720,500
2090,720.0,719.297,0.703,720,500
2092,720.0,719.328,0.672,720,500
2094,720.0,719.326,0.674,720,500
2096,720.0,719.299,0.701,720,500
2098,720.0,719.329,0.671,720,500
2100,720.0,719.299,0.701,720,500
2102,720.0,719.442,0.558,720,500
2104,720.0,719.248,0.752,720,500
2106,720.0,719.197,0.803,720,500
2108,720.0,719.326,0.674,720,500
2110,720.0,719.327,0.673,720,500
2112,720.0,719.338,0.662,720,500
2114,720.0,719.307,0.693,720,500
2116,720.0,719.262,0.738,720,500
2118,720.0,719.323,0.677,720,500
2120,720.0,719.441,0.559,720,500
2122,720.0,719.399,0.601,720,500
2124,720.0,719.284,0.716,720,500
2126,720.0,719.366,0.634,720,500
2128,720.0,719.166,0.834,720,500
2130,720.0,719.26,0.74,720,500
2132,720.0,719.344,0.656,720,500
2134,720.0,719.307,0.693,720,500
2136,720.0,719.32,0.68,720,500
2138,720.0,719.326,0.674,720,500
2140,720.0,719.316,0.684,720,500
2142,720.0,719.282,0.718,720,500
2144,720.0,719.365,0.635,720,500
2146,720.0,719.313,0.687,720,500
2148,720.0,719.242,0.758,720,500
2150,720.0,719.193,0.807,720,500
2152,720.0,719.322,0.678,720,500
2154,720.0,719.302,0.698,720,500
2156,720.0,719.303,0.697,720,500
2158,720.0,719.274,0.726,720,500
2160,720.0,719.24,0.76,720,500
2162,720.0,719.304,0.696,720,500
2164,720.0,719.304,0.696,720,500
2166,720.0,719.318,0.682,720,500
2168,720.0,719.214,0.786,720,500
2170,720.0,719.292,0.708,720,500
2172,720.0,719.272,0.728,720,500
2174,720.0,719.338,0.662,720,500
2176,720.0,719.266,0.734,720,500
2178,720.0,719.294,0.706,720,500
2180,720.0,719.365,0.635,720,500
2182,720.0,719.299,0.701,720,500
2184,720.0,719.246,0.754,720,500
2186,720.0,719.217,0.783,720,500
2188,720.0,719.312,0.688,720,500
2190,720.0,719.233,0.767,720,500
2192,720.0,719.361,0.639,720,500
2194,720.0,719.403,0.597,720,500
2196,720.0,719.309,0.691,720,500
2198,720.0,719.206,0.794,720,500
2200,720.0,719.317,0.683,720,500
2202,720.0,719.413,0.587,720,500
2203,720.0,719.342,0.658,720,500
2206,720.0,719.247,0.753,720,500
2208,720.0,719.302,0.698,720,500
2210,720.0,719.344,0.656,720,500
2211,720.0,719.366,0.634,720,500
2214,720.0,719.292,0.708,720,500
2216,720.0,719.353,0.647,720,500
2218,720.0,719.32,0.68,720,500
2219,720.0,719.191,0.809,720,500
2222,720.0,719.364,0.636,720,500
2224,720.0,719.255,0.745,720,500
2226,720.0,719.397,0.603,720,500
2227,720.0,719.181,0.819,720,500
2230,720.0,719.339,0.661,720,500
2232,720.0,719.335,0.665,720,500
2234,720.0,719.382,0.618,720,500
2235,720.0,719.317,0.683,720,500
2238,720.0,719.296,0.704,720,500
2240,720.0,719.368,0.632,720,500
2242,720.0,719.356,0.644,720,500
2244,720.0,719.302,0.698,720,500
2246,720.0,719.315,0.685,720,500
2248,720.0,719.343,0.657,720,500
2250,720.0,719.298,0.702,720,500
2252,720.0,719.343,0.657,720,500
2254,720.0,719.362,0.638,720,500
2256,720.0,719.259,0.741,720,500
2258,720.0,719.341,0.659,720,500
2260,720.0,719.367,0.633,720,500
2262,720.0,719.37,0.63,720,500
2264,720.0,719.291,0.709,720,500
2266,720.0,719.356,0.644,720,500
2268,720.0,719.29,0.71,720,500
2270,720.0,719.387,0.613,720,500
2272,720.0,719.355,0.645,720,500
2274,720.0,719.275,0.725,720,500
2276,720.0,719.353,0.647,720,500
2278,720.0,719.368,0.632,720,500
2280,720.0,719.254,0.746,720,500
2282,720.0,719.356,0.644,720,500
2284,720.0,719.257,0.743,720,500
2286,720.0,719.256,0.744,720,500
2288,720.0,719.372,0.628,720,500
2290,720.0,719.395,0.605,720,500
2292,720.0,719.358,0.642,720,500
2294,720.0,719.254,0.746,720,500
2296,720.0,719.416,0.584,720,500
2298,720.0,719.25,0.75,720,500
2300,720.0,719.325,0.675,720,500
2302,720.0,719.329,0.671,720,500
2304,720.0,719.242,0.758,720,500
2306,720.0,719.285,0.715,720,500
2308,720.0,719.369,0.631,720,500
2310,720.0,719.244,0.756,720,500
2312,720.0,719.314,0.686,720,500
2314,720.0,719.344,0.656,720,500
2316,720.0,719.317,0.683,720,500
2318,720.0,719.301,0.699,720,500
2320,720.0,719.356,0.644,720,500
2322,720.0,719.224,0.776,720,500
2324,720.0,719.328,0.672,720,500
2326,720.0,719.194,0.806,720,500
2328,720.0,719.186,0.814,720,500
2330,720.0,719.253,0.747,720,500
2332,720.0,719.396,0.604,720,500
2334,720.0,719.366,0.634,720,500
2336,720.0,719.268,0.732,720,500
2338,720.0,719.249,0.751,720,500
2340,720.0,719.298,0.702,720,500
2342,720.0,719.275,0.725,720,500
2344,720.0,719.23,0.77,720,500
2346,720.0,719.252,0.748,720,500
2348,720.0,719.267,0.733,720,500
2350,720.0,719.299,0.701,720,500
2352,720.0,719.346,0.654,720,500
2354,720.0,719.254,0.746,720,500
2356,720.0,719.258,0.742,720,500
2358,720.0,719.301,0.699,720,500
2360,720.0,719.352,0.648,720,500
2362,720.0,719.343,0.657,720,500
2364,720.0,719.338,0.662,720,500
2366,720.0,719.307,0.693,720,500
2368,720.0,719.297,0.703,720,500
2370,720.0,719.331,0.669,720,500
2372,720.0,719.267,0.733,720,500
2374,720.0,719.346,0.654,720,500
2376,720.0,719.286,0.714,720,500
2378,720.0,719.393,0.607,720,500
2380,720.0,719.374,0.626,720,500
2382,720.0,719.262,0.738,720,500
2384,720.0,719.376,0.624,720,500
2386,720.0,719.258,0.742,720,500
2388,720.0,719.341,0.659,720,500
2390,720.0,719.344,0.656,720,500
2392,720.0,719.264,0.736,720,500
2394,720.0,719.329,0.671,720,500
2396,720.0,719.331,0.669,720,500
2398,720.0,719.329,0.671,720,500
2400,720.0,719.404,0.596,720,500
2402,720.0,719.399,0.601,720,500
2404,720.0,719.293,0.707,720,500
2406,720.0,719.253,0.747,720,500
2408,720.0,719.309,0.691,720,500
2410,720.0,719.294,0.706,720,500
2412,720.0,719.341,0.659,720,500
2414,720.0,719.332,0.668,720,500
2416,720.0,719.345,0.655,720,500
2418,720.0,719.33,0.67,720,500
2420,720.0,719.327,0.673,720,500
2422,720.0,719.314,0.686,720,500
2424,720.0,719.363,0.637,720,500
2426,720.0,719.301,0.699,720,500
2428,720.0,719.376,0.624,720,500
2429,720.0,719.364,0.636,720,500
2432,720.0,719.37,0.63,720,500
2434,720.0,719.227,0.773,720,500
2436,720.0,719.338,0.662,720,500
2437,720.0,719.267,0.733,720,500
2440,720.0,719.343,0.657,720,500
2442,720.0,719.271,0.729,720,500
2444,720.0,719.339,0.661,720,500
2445,720.0,719.324,0.676,720,500
2448,720.0,719.271,0.729,720,500
2450,720.0,719.361,0.639,720,500
2452,720.0,719.319,0.681,720,500
2453,720.0,719.321,0.679,720,500
2456,720.0,719.325,0.675,720,500
2458,720.0,719.266,0.734,720,500
2460,720.0,719.224,0.776,720,500
2461,720.0,719.349,0.651,720,500
2464,720.0,719.321,0.679,720,500
2466,720.0,719.284,0.716,720,500
2468,720.0,719.429,0.571,720,500
2469,720.0,719.32,0.68,720,500
2472,720.0,719.21,0.79,720,500
2474,720.0,719.307,0.693,720,500
2476,720.0,719.303,0.697,720,500
2477,720.0,719.359,0.641,720,500
2480,720.0,719.225,0.775,720,500
2482,720.0,719.288,0.712,720,500
2484,720.0,719.301,0.699,720,500
2485,720.0,719.282,0.718,720,500
2488,720.0,719.253,0.747,720,500
2490,720.0,719.327,0.673,720,500
2492,720.0,719.306,0.694,720,500
2494,720.0,719.323,0.677,720,500
2496,720.0,719.262,0.738,720,500
2498,720.0,719.366,0.634,720,500
2500,720.0,719.26,0.74,720,500
2502,720.0,719.325,0.675,720,500
2504,720.0,719.346,0.654,720,500
2506,720.0,719.346,0.654,720,500
2508,720.0,719.308,0.692,720,500
2510,720.0,719.198,0.802,720,500
2512,720.0,719.214,0.786,720,500
2514,720.0,719.386,0.614,720,500
2516,720.0,719.238,0.762,720,500
2518,720.0,719.322,0.678,720,500
2520,720.0,719.301,0.699,720,500
2522,720.0,719.264,0.736,720,500
2524,720.0,719.321,0.679,720,500
2526,720.0,719.261,0.739,720,500
2528,720.0,719.365,0.635,720,500
2530,720.0,719.271,0.729,720,500
2532,720.0,719.349,0.651,720,500
2534,720.0,719.22,0.78,720,500
2536,720.0,719.323,0.677,720,500
2538,720.0,719.334,0.666,720,500
2540,720.0,719.278,0.722,720,500
2542,720.0,719.36,0.64,720,500
2544,720.0,719.258,0.742,720,500
2546,720.0,719.317,0.683,720,500
2548,720.0,719.316,0.684,720,500
2550,720.0,719.278,0.722,720,500
2552,720.0,719.276,0.724,720,500
2554,720.0,719.329,0.671,720,500
2556,720.0,719.319,0.681,720,500
2558,720.0,719.295,0.705,720,500
2560,720.0,719.305,0.695,720,500
2562,720.0,719.209,0.791,720,500
2564,720.0,719.287,0.713,720,500
2566,720.0,719.372,0.628,720,500
2568,720.0,719.277,0.723,720,500
2570,720.0,719.345,0.655,720,500
2572,720.0,719.361,0.639,720,500
2574,720.0,719.339,0.661,720,500
2576,720.0,719.225,0.775,720,500
2578,720.0,719.366,0.634,720,500
2580,720.0,719.331,0.669,720,500
2582,720.0,719.326,0.674,720,500
2584,720.0,719.3,0.7,720,500
2586,720.0,719.315,0.685,720,500
2588,720.0,719.342,0.658,720,500
2590,720.0,719.237,0.763,720,500
2592,720.0,719.353,0.647,720,500
2594,720.0,719.264,0.736,720,500
2596,720.0,719.283,0.717,720,500
2598,720.0,719.404,0.596,720,500
2600,720.0,719.28,0.72,720,500
2602,720.0,719.267,0.733,720,500
2604,720.0,719.384,0.616,720,500
2606,720.0,719.382,0.618,720,500
2608,720.0,719.289,0.711,720,500
2610,720.0,719.349,0.651,720,500
2612,720.0,719.305,0.695,720,500
2614,720.0,719.284,0.716,720,500
2616,720.0,719.274,0.726,720,500
2618,720.0,719.339,0.661,720,500
2620,720.0,719.31,0.69,720,500
2622,720.0,719.295,0.705,720,500
2624,720.0,719.281,0.719,720,500
2626,720.0,719.323,0.677,720,500
2628,720.0,719.31,0.69,720,500
2630,720.0,719.263,0.737,720,500
2632,720.0,719.379,0.621,720,500
2634,720.0,719.382,0.618,720,500
2636,720.0,719.287,0.713,720,500
2638,720.0,719.272,0.728,720,500
2640,720.0,719.268,0.732,720,500
2642,720.0,719.317,0.683,720,500
2644,720.0,719.228,0.772,720,500
2646,720.0,719.339,0.661,720,500
2648,720.0,719.356,0.644,720,500
2650,720.0,719.272,0.728,720,500
2652,720.0,719.383,0.617,720,500
2654,720.0,719.345,0.655,720,500
2656,720.0,719.301,0.699,720,500
2658,720.0,719.286,0.714,720,500
2660,720.0,719.317,0.683,720,500
2662,720.0,719.314,0.686,720,500
2664,720.0,719.268,0.732,720,500
2666,720.0,719.366,0.634,720,500
2668,720.0,719.209,0.791,720,500
2670,720.0,719.373,0.627,720,500
2672,720.0,719.223,0.777,720,500
2674,720.0,719.223,0.777,720,500
2676,720.0,719.25,0.75,720,500
2678,720.0,719.424,0.576,720,500
2679,720.0,719.229,0.771,720,500
2682,720.0,719.399,0.601,720,500
2684,720.0,719.372,0.628,720,500
2686,720.0,719.285,0.715,720,500
2687,720.0,719.326,0.674,720,500
2690,720.0,719.4,0.6,720,500
2692,720.0,719.305,0.695,720,500
2694,720.0,719.296,0.704,720,500
2695,720.0,719.334,0.666,720,500
2698,720.0,719.415,0.585,720,500
2700,720.0,719.365,0.635,720,500
2702,720.0,719.37,0.63,720,500
2703,720.0,719.305,0.695,720,500
2706,720.0,719.244,0.756,720,500
2708,720.0,719.339,0.661,720,500
2710,720.0,719.292,0.708,720,500
2711,720.0,719.302,0.698,720,500
2714,720.0,719.362,0.638,720,500
2716,720.0,719.286,0.714,720,500
2718,720.0,719.375,0.625,720,500
2719,720.0,719.322,0.678,720,500
2722,720.0,719.397,0.603,720,500
2724,720.0,719.326,0.674,720,500
2726,720.0,719.275,0.725,720,500
2727,720.0,719.231,0.769,720,500
2730,720.0,719.365,0.635,720,500
2732,720.0,719.262,0.738,720,500
2734,720.0,719.259,0.741,720,500
2735,720.0,719.225,0.775,720,500
2738,720.0,719.269,0.731,720,500
2740,720.0,719.378,0.622,720,500
2742,720.0,719.414,0.586,720,500
2744,720.0,719.35,0.65,720,500
2746,720.0,719.26,0.74,720,500
2748,720.0,719.305,0.695,720,500
2750,720.0,719.313,0.687,720,500
2752,720.0,719.321,0.679,720,500
2754,720.0,719.281,0.719,720,500
2756,720.0,719.192,0.808,720,500
2758,720.0,719.31,0.69,720,500
2760,720.0,719.248,0.752,720,500
2762,720.0,719.334,0.666,720,500
2764,720.0,719.372,0.628,720,500
2766,720.0,719.263,0.737,720,500
2768,720.0,719.302,0.698,720,500
2770,720.0,719.364,0.636,720,500
2772,720.0,719.305,0.695,720,500
2774,720.0,719.302,0.698,720,500
2776,720.0,719.259,0.741,720,500
2778,720.0,719.307,0.693,720,500
2780,720.0,719.229,0.771,720,500
2782,720.0,719.173,0.827,720,500
2784,720.0,719.346,0.654,720,500
2786,720.0,719.304,0.696,720,500
2788,720.0,719.315,0.685,720,500
2790,720.0,719.306,0.694,720,500
2792,720.0,719.226,0.774,720,500
2794,720.0,719.207,0.793,720,500
2796,720.0,719.35,0.65,720,500
2798,720.0,719.354,0.646,720,500
2800,720.0,719.184,0.816,720,500
2802,720.0,719.355,0.645,720,500
2804,720.0,719.319,0.681,720,500
2806,720.0,719.221,0.779,720,500
2808,720.0,719.317,0.683,720,500
2810,720.0,719.278,0.722,720,500
2812,720.0,719.287,0.713,720,500
2814,720.0,719.332,0.668,720,500
2816,720.0,719.323,0.677,720,500
2818,720.0,719.307,0.693,720,500
2820,720.0,719.251,0.749,720,500
2822,720.0,719.38,0.62,720,500
2824,720.0,719.271,0.729,720,500
2826,720.0,719.305,0.695,720,500
2828,720.0,719.288,0.712,720,500
2830,720.0,719.442,0.558,720,500
2832,720.0,719.277,0.723,720,500
2834,720.0,719.344,0.656,720,500
2836,720.0,719.247,0.753,720,500
2838,720.0,719.237,0.763,720,500
2840,720.0,719.335,0.665,720,500
2842,720.0,719.311,0.689,720,500
2844,720.0,719.26,0.74,720,500
2846,720.0,719.303,0.697,720,500
2848,720.0,719.322,0.678,720,500
2850,720.0,719.267,0.733,720,500
2852,720.0,719.336,0.664,720,500
2854,720.0,719.34,0.66,720,500
2856,720.0,719.316,0.684,720,500
2858,720.0,719.411,0.589,720,500
2860,720.0,719.33,0.67,720,500
2862,720.0,719.356,0.644,720,500
2864,720.0,719.276,0.724,720,500
2866,720.0,719.359,0.641,720,500
2868,720.0,719.27,0.73,720,500
2870,720.0,719.323,0.677,720,500
2872,720.0,719.317,0.683,720,500
2873,720.0,719.248,0.752,720,500
2876,720.0,719.348,0.652,720,500
2878,720.0,719.313,0.687,720,500
2880,720.0,719.322,0.678,720,500
2881,720.0,719.329,0.671,720,500
2884,720.0,719.389,0.611,720,500
2886,720.0,719.285,0.715,720,500
2888,720.0,719.338,0.662,720,500
2889,720.0,719.334,0.666,720,500
2892,720.0,719.389,0.611,720,500
2894,720.0,719.321,0.679,720,500
2896,720.0,719.262,0.738,720,500
2897,720.0,719.295,0.705,720,500
2900,720.0,719.379,0.621,720,500
2902,720.0,719.292,0.708,720,500
2904,720.0,719.308,0.692,720,500
2905,720.0,719.277,0.723,720,500
2908,720.0,719.369,0.631,720,500
2910,720.0,719.391,0.609,720,500
2912,720.0,719.412,0.588,720,500
2913,720.0,719.337,0.663,720,500
2916,720.0,719.306,0.694,720,500
2918,720.0,719.319,0.681,720,500
2920,720.0,719.302,0.698,720,500
2921,720.0,719.248,0.752,720,500
2924,720.0,719.286,0.714,720,500
2926,720.0,719.244,0.756,720,500
2928,720.0,719.329,0.671,720,500
2929,720.0,719.325,0.675,720,500
2932,720.0,719.314,0.686,720,500
2934,720.0,719.233,0.767,720,500
2936,720.0,719.233,0.767,720,500
2937,720.0,719.233,0.767,720,500
2940,720.0,719.238,0.762,720,500
2942,720.0,719.365,0.635,720,500
2944,720.0,719.329,0.671,720,500
2945,720.0,719.386,0.614,720,500
2948,720.0,719.296,0.704,720,500
2950,720.0,719.354,0.646,720,500
2952,720.0,719.291,0.709,720,500
2953,720.0,719.37,0.63,720,500
2956,720.0,719.317,0.683,720,500
2958,720.0,719.343,0.657,720,500
2960,720.0,719.226,0.774,720,500
2961,720.0,719.335,0.665,720,500
2964,720.0,719.298,0.702,720,500
2966,720.0,719.345,0.655,720,500
2968,720.0,719.228,0.772,720,500
2969,720.0,719.274,0.726,720,500
2972,720.0,719.251,0.749,720,500
2974,720.0,719.225,0.775,720,500
2976,720.0,719.312,0.688,720,500
2977,720.0,719.322,0.678,720,500
2980,720.0,719.291,0.709,720,500
2982,720.0,719.259,0.741,720,500
2984,720.0,719.26,0.74,720,500
2985,720.0,719.249,0.751,720,500
2988,720.0,719.288,0.712,720,500
2990,720.0,719.308,0.692,720,500
2992,720.0,719.345,0.655,720,500
2994,720.0,719.325,0.675,720,500
2996,720.0,719.291,0.709,720,500
2998,720.0,719.313,0.687,720,500
3000,720.0,719.283,0.717,720,500
3002,720.0,719.321,0.679,720,500
3004,720.0,719.282,0.718,720,500
3006,720.0,719.313,0.687,720,500
3008,720.0,719.371,0.629,720,500
3010,720.0,719.23,0.77,720,500
3012,720.0,719.3,0.7,720,500
3014,720.0,719.295,0.705,720,500
3016,720.0,719.306,0.694,720,500
3018,720.0,719.301,0.699,720,500
3020,720.0,719.393,0.607,720,500
3022,720.0,719.24,0.76,720,500
3024,720.0,719.256,0.744,720,500
3026,720.0,719.269,0.731,720,500
3028,720.0,719.224,0.776,720,500
3030,720.0,719.323,0.677,720,500
3032,720.0,719.355,0.645,720,500
3034,720.0,719.31,0.69,720,500
3036,720.0,719.368,0.632,720,500
3038,720.0,719.345,0.655,720,500
3040,720.0,719.316,0.684,720,500
3042,720.0,719.327,0.673,720,500
3044,720.0,719.248,0.752,720,500
3046,720.0,719.291,0.709,720,500
3048,720.0,719.214,0.786,720,500
3050,720.0,719.335,0.665,720,500
3052,720.0,719.366,0.634,720,500
3054,720.0,719.275,0.725,720,500
3056,720.0,719.338,0.662,720,500
3058,720.0,719.284,0.716,720,500
3060,720.0,719.206,0.794,720,500
3062,720.0,719.321,0.679,720,500
3064,720.0,719.298,0.702,720,500
3066,720.0,719.27,0.73,720,500
3068,720.0,719.436,0.564,720,500
3070,720.0,719.33,0.67,720,500
3072,720.0,719.229,0.771,720,500
3074,720.0,719.266,0.734,720,500
3076,720.0,719.305,0.695,720,500
3078,720.0,719.378,0.622,720,500
3080,720.0,719.283,0.717,720,500
3082,720.0,719.348,0.652,720,500
3084,720.0,719.287,0.713,720,500
3086,720.0,719.348,0.652,720,500
3088,720.0,719.371,0.629,720,500
3090,720.0,719.262,0.738,720,500
3092,720.0,719.335,0.665,720,500
3094,720.0,719.338,0.662,720,500
3096,720.0,719.276,0.724,720,500
3098,720.0,719.38,0.62,720,500
3100,720.0,719.343,0.657,720,500
3102,720.0,719.283,0.717,720,500
3104,720.0,719.316,0.684,720,500
3106,720.0,719.309,0.691,720,500
3108,720.0,719.373,0.627,720,500
3110,720.0,719.362,0.638,720,500
3112,720.0,719.287,0.713,720,500
3114,720.0,719.291,0.709,720,500
3116,720.0,719.333,0.667,720,500
3118,720.0,719.293,0.707,720,500
3120,720.0,719.253,0.747,720,500
3122,720.0,719.288,0.712,720,500
3124,720.0,719.34,0.66,720,500
3126,720.0,719.307,0.693,720,500
3128,720.0,719.276,0.724,720,500
3130,720.0,719.285,0.715,720,500
3131,720.0,719.324,0.676,720,500
3134,720.0,719.358,0.642,720,500
3136,720.0,719.302,0.698,720,500
3138,720.0,719.368,0.632,720,500
3139,720.0,719.33,0.67,720,500
3142,720.0,719.369,0.631,720,500
3144,720.0,719.421,0.579,720,500
3146,720.0,719.304,0.696,720,500
3147,720.0,719.307,0.693,720,500
3150,720.0,719.209,0.791,720,500
3152,720.0,719.255,0.745,720,500
3154,720.0,719.307,0.693,720,500
3155,720.0,719.338,0.662,720,500
3158,720.0,719.256,0.744,720,500
3160,720.0,719.248,0.752,720,500
3162,720.0,719.295,0.705,720,500
3163,720.0,719.295,0.705,720,500
3166,720.0,719.282,0.718,720,500
3168,720.0,719.299,0.701,720,500
3170,720.0,719.323,0.677,720,500
3171,720.0,719.348,0.652,720,500
3174,720.0,719.322,0.678,720,500
3176,720.0,719.292,0.708,720,500
3178,720.0,719.286,0.714,720,500
3179,720.0,719.315,0.685,720,500
3182,720.0,719.37,0.63,720,500
3184,720.0,719.19,0.81,720,500
3186,720.0,719.293,0.707,720,500
3187,720.0,719.315,0.685,720,500
3190,720.0,719.276,0.724,720,500
3192,720.0,719.285,0.715,720,500
3194,720.0,719.383,0.617,720,500
3195,720.0,719.308,0.692,720,500
3198,720.0,719.302,0.698,720,500
3200,720.0,719.271,0.729,720,500
3202,720.0,719.368,0.632,720,500
3203,720.0,719.416,0.584,720,500
3206,720.0,719.332,0.668,720,500
3208,720.0,719.289,0.711,720,500
3210,720.0,719.293,0.707,720,500
3211,720.0,719.305,0.695,720,500
3214,720.0,719.241,0.759,720,500
3216,720.0,719.342,0.658,720,500
3218,720.0,719.313,0.687,720,500
3219,720.0,719.304,0.696,720,500
3222,720.0,719.417,0.583,720,500
3224,720.0,719.31,0.69,720,500
3226,720.0,719.291,0.709,720,500
3227,720.0,719.266,0.734,720,500
3230,720.0,719.275,0.725,720,500
3232,720.0,719.313,0.687,720,500
3234,720.0,719.356,0.644,720,500
3235,720.0,719.321,0.679,720,500
3238,720.0,719.381,0.619,720,500
3240,720.0,719.316,0.684,720,500
3242,720.0,719.228,0.772,720,500
3244,720.0,719.341,0.659,720,500
3246,720.0,719.288,0.712,720,500
3248,720.0,719.257,0.743,720,500
3250,720.0,719.351,0.649,720,500
3252,720.0,719.443,0.557,720,500
3254,720.0,719.229,0.771,720,500
3256,720.0,719.371,0.629,720,500
3258,720.0,719.321,0.679,720,500
3260,720.0,719.3,0.7,720,500
3262,720.0,719.299,0.701,720,500
3264,720.0,719.334,0.666,720,500
3266,720.0,719.339,0.661,720,500
3268,720.0,719.304,0.696,720,500
3270,720.0,719.315,0.685,720,500
3272,720.0,719.379,0.621,720,500
3274,720.0,719.299,0.701,720,500
3276,720.0,719.345,0.655,720,500
3278,720.0,719.258,0.742,720,500
3280,720.0,719.347,0.653,720,500
3282,720.0,719.301,0.699,720,500
3284,720.0,719.35,0.65,720,500
3286,720.0,719.34,0.66,720,500
3288,720.0,719.284,0.716,720,500
3290,720.0,719.196,0.804,720,500
3292,720.0,719.347,0.653,720,500
3294,720.0,719.309,0.691,720,500
3296,720.0,719.28,0.72,720,500
3298,720.0,719.332,0.668,720,500
3300,720.0,719.299,0.701,720,500
3302,720.0,719.297,0.703,720,500
3304,720.0,719.364,0.636,720,500
3306,720.0,719.194,0.806,720,500
3308,720.0,719.379,0.621,720,500
3310,720.0,719.287,0.713,720,500
3312,720.0,719.294,0.706,720,500
3314,720.0,719.313,0.687,720,500
3316,720.0,719.348,0.652,720,500
3318,720.0,719.392,0.608,720,500
3320,720.0,719.296,0.704,720,500
3322,720.0,719.327,0.673,720,500
3324,720.0,719.322,0.678,720,500
3326,720.0,719.328,0.672,720,500
3328,720.0,719.279,0.721,720,500
3330,720.0,719.229,0.771,720,500
3332,720.0,719.338,0.662,720,500
3334,720.0,719.283,0.717,720,500
3336,720.0,719.32,0.68,720,500
3338,720.0,719.334,0.666,720,500
3340,720.0,719.326,0.674,720,500
3342,720.0,719.283,0.717,720,500
3344,720.0,719.252,0.748,720,500
3346,720.0,719.344,0.656,720,500
3348,720.0,719.285,0.715,720,500
3350,720.0,719.312,0.688,720,500
3352,720.0,719.356,0.644,720,500
3354,720.0,719.289,0.711,720,500
3356,720.0,719.264,0.736,720,500
3358,720.0,719.31,0.69,720,500
3360,720.0,719.378,0.622,720,500
3362,720.0,719.326,0.674,720,500
3364,720.0,719.3,0.7,720,500
3366,720.0,719.37,0.63,720,500
3368,720.0,719.3,0.7,720,500
3370,720.0,719.346,0.654,720,500
3372,720.0,719.314,0.686,720,500
3374,720.0,719.374,0.626,720,500
3376,720.0,719.265,0.735,720,500
3378,720.0,719.358,0.642,720,500
3380,720.0,719.408,0.592,720,500
3382,720.0,719.343,0.657,720,500
3384,720.0,719.222,0.778,720,500
3386,720.0,719.332,0.668,720,500
3388,720.0,719.376,0.624,720,500
3389,720.0,719.304,0.696,720,500
3392,720.0,719.373,0.627,720,500
3394,720.0,719.291,0.709,720,500
3396,720.0,719.292,0.708,720,500
3397,720.0,719.442,0.558,720,500
3400,720.0,719.302,0.698,720,500
3402,720.0,719.351,0.649,720,500
3404,720.0,719.334,0.666,720,500
3405,720.0,719.229,0.771,720,500
3408,720.0,719.325,0.675,720,500
3410,720.0,719.323,0.677,720,500
3412,720.0,719.214,0.786,720,500
3413,720.0,719.364,0.636,720,500
3416,720.0,719.384,0.616,720,500
3418,720.0,719.354,0.646,720,500
3420,720.0,719.334,0.666,720,500
3421,720.0,719.28,0.72,720,500
3424,720.0,719.384,0.616,720,500
3426,720.0,719.279,0.721,720,500
3428,720.0,719.341,0.659,720,500
3429,720.0,719.245,0.755,720,500
3432,720.0,719.344,0.656,720,500
3434,720.0,719.364,0.636,720,500
3436,720.0,719.297,0.703,720,500
3437,720.0,719.267,0.733,720,500
3440,720.0,719.278,0.722,720,500
3442,720.0,719.326,0.674,720,500
3444,720.0,719.23,0.77,720,500
3445,720.0,719.253,0.747,720,500
3448,720.0,719.273,0.727,720,500
3450,720.0,719.445,0.555,720,500
3452,720.0,719.401,0.599,720,500
3453,720.0,719.265,0.735,720,500
3456,720.0,719.342,0.658,720,500
3458,720.0,719.326,0.674,720,500
3460,720.0,719.425,0.575,720,500
3461,720.0,719.364,0.636,720,500
3464,720.0,719.267,0.733,720,500
3466,720.0,719.223,0.777,720,500
3468,720.0,719.245,0.755,720,500
3469,720.0,719.302,0.698,720,500
3472,720.0,719.319,0.681,720,500
3474,720.0,719.35,0.65,720,500
3476,720.0,719.386,0.614,720,500
3477,720.0,719.259,0.741,720,500
3480,720.0,719.326,0.674,720,500
3482,720.0,719.314,0.686,720,500
3484,720.0,719.367,0.633,720,500
3485,720.0,719.4,0.6,720,500
3488,720.0,719.272,0.728,720,500
3490,720.0,719.305,0.695,720,500
3492,720.0,719.352,0.648,720,500
3494,720.0,719.266,0.734,720,500
3496,720.0,719.381,0.619,720,500
3498,720.0,719.33,0.67,720,500
3500,720.0,719.328,0.672,720,500
3502,720.0,719.339,0.661,720,500
3504,720.0,719.365,0.635,720,500
3506,720.0,719.37,0.63,720,500
3508,720.0,719.33,0.67,720,500
3510,720.0,719.383,0.617,720,500
3512,720.0,719.295,0.705,720,500
3514,720.0,719.228,0.772,720,500
3516,720.0,719.343,0.657,720,500
3518,720.0,719.322,0.678,720,500
3520,720.0,719.316,0.684,720,500
3522,720.0,719.391,0.609,720,500
3524,720.0,719.358,0.642,720,500
3526,720.0,719.301,0.699,720,500
3528,720.0,719.332,0.668,720,500
3530,720.0,719.314,0.686,720,500
3532,720.0,719.279,0.721,720,500
3534,720.0,719.322,0.678,720,500
3536,720.0,719.291,0.709,720,500
3538,720.0,719.301,0.699,720,500
3540,720.0,719.286,0.714,720,500
3542,720.0,719.29,0.71,720,500
3544,720.0,719.19,0.81,720,500
3546,720.0,719.291,0.709,720,500
3548,720.0,719.32,0.68,720,500
3550,720.0,719.313,0.687,720,500
3552,720.0,719.28,0.72,720,500
3554,720.0,719.299,0.701,720,500
3556,720.0,719.276,0.724,720,500
3558,720.0,719.336,0.664,720,500
3560,720.0,719.374,0.626,720,500
3562,720.0,719.274,0.726,720,500
3564,720.0,719.244,0.756,720,500
3566,720.0,719.219,0.781,720,500
3568,720.0,719.328,0.672,720,500
3570,720.0,719.283,0.717,720,500
3572,720.0,719.307,0.693,720,500
3574,720.0,719.295,0.705,720,500
3576,720.0,719.351,0.649,720,500
3578,720.0,719.345,0.655,720,500
3580,720.0,719.382,0.618,720,500
3582,720.0,719.268,0.732,720,500
3584,720.0,719.312,0.688,720,500
3586,720.0,719.339,0.661,720,500
3588,720.0,719.323,0.677,720,500
3590,720.0,719.37,0.63,720,500
3592,720.0,719.371,0.629,720,500
3594,720.0,719.331,0.669,720,500
3596,720.0,719.334,0.666,720,500
3598,720.0,719.283,0.717,720,500
3600,720.0,719.358,0.642,720,500
3602,720.0,719.266,0.734,720,500
3604,720.0,719.262,0.738,720,500
3606,720.0,719.381,0.619,720,500
3608,720.0,719.305,0.695,720,500
3610,720.0,719.396,0.604,720,500
3612,720.0,719.3,0.7,720,500
3614,720.0,719.271,0.729,720,500
3616,720.0,719.281,0.719,720,500
3618,720.0,719.251,0.749,720,500
3620,720.0,719.36,0.64,720,500
3622,720.0,719.201,0.799,720,500
3624,720.0,719.331,0.669,720,500
3626,720.0,719.336,0.664,720,500
3628,720.0,719.358,0.642,720,500
3630,720.0,719.423,0.577,720,500
3632,720.0,719.368,0.632,720,500
3634,720.0,719.227,0.773,720,500
3636,720.0,719.318,0.682,720,500
3638,720.0,719.359,0.641,720,500
3639,720.0,719.342,0.658,720,500
3642,720.0,719.375,0.625,720,500
3644,720.0,719.356,0.644,720,500
3646,720.0,719.182,0.818,720,500
3647,720.0,719.308,0.692,720,500
3650,720.0,719.301,0.699,720,500
3652,720.0,719.301,0.699,720,500
3654,720.0,719.316,0.684,720,500
3655,720.0,719.275,0.725,720,500
3658,720.0,719.244,0.756,720,500
3660,720.0,719.424,0.576,720,500
3662,720.0,719.261,0.739,720,500
3663,720.0,719.31,0.69,720,500
3666,720.0,719.381,0.619,720,500
3668,720.0,719.326,0.674,720,500
3670,720.0,719.284,0.716,720,500
3671,720.0,719.268,0.732,720,500
3674,720.0,719.275,0.725,720,500
3676,720.0,719.291,0.709,720,500
3678,720.0,719.23,0.77,720,500
3679,720.0,719.258,0.742,720,500
3682,720.0,719.347,0.653,720,500
3684,720.0,719.414,0.586,720,500
3686,720.0,719.336,0.664,720,500
3687,720.0,719.304,0.696,720,500
3690,720.0,719.294,0.706,720,500
3692,720.0,719.318,0.682,720,500
3694,720.0,719.246,0.754,720,500
3695,720.0,719.244,0.756,720,500
3698,720.0,719.344,0.656,720,500
3700,720.0,719.299,0.701,720,500
3702,720.0,719.29,0.71,720,500
3703,720.0,719.277,0.723,720,500
3706,720.0,719.36,0.64,720,500
3708,720.0,719.281,0.719,720,500
3710,720.0,719.257,0.743,720,500
3711,720.0,719.247,0.753,720,500
3714,720.0,719.225,0.775,720,500
3716,720.0,719.344,0.656,720,500
3718,720.0,719.233,0.767,720,500
3719,720.0,719.371,0.629,720,500
